originaltitle,title_count
Home,307
Alone,237
Broken,212
The Gift,176
Trapped,171
The Interview,162
The Box,158
Blind Date,156
Escape,146
Run,146
The End,144
Hope,139
Blackout,138
Limbo,136
Breathe,130
The Bridge,129
Silence,129
Last Call,127
Karma,126
Love,122
Gone,121
The Audition,120
Reunion,118
Stuck,118
Red,117
Smile,117
Shadows,114
The Other Side,113
Brothers,112
Choices,111
Redemption,110
Anna,108
Homecoming,108
,108
Mother,107
Lost,106
Grace,106
The Game,105
Blue,105
Echo,104
The Stranger,104
The Letter,102
Lost and Found,101
Sisters,101
Happy Birthday,100
Writer's Block,100
Reflections,98
Missing,98
Strangers,98
Untitled,98
Alice,96
Time,96
Reflection,96
Memories,95
Still Life,94
Deadline,94
Charlie,94
Waiting,94
Solo,93
Carmen,92
The Date,92
Exit,91
Inside,91
Retribution,91
Awake,91
Legacy,90
The Call,89
The Visitor,88
Second Chance,88
Checkmate,88
The Journey,88
Touch,88
Coming Home,88
Monster,87
Welcome Home,87
Confession,86
The Door,86
First Date,86
Lullaby,84
The Hunt,84
Ashes,84
Angel,83
Closure,83
Life,83
The Chase,82
Roommates,82
Crossroads,82
The Deal,82
The Promise,82
Macbeth,81
The Return,81
Forever,81
Paradise,81
Dead End,80
Cut,80
Requiem,79
Invisible,79
Still,79
Prey,79
Control,79
Butterfly,78
The Morning After,78
Freedom,78
Home Sweet Home,78
Game Over,78
Static,78
Hero,78
Change,77
Mirage,77
Sanctuary,77
Runaway,77
Hamlet,77
Secrets,76
Lost & Found,76
Sunday,76
One,76
Lucid,76
The Ride,75
Echoes,75
Fragments,75
Bloom,75
Trust,75
The Kiss,75
Stranded,75
Open House,74
Fear,74
Sweet Dreams,74
Eden,74
Shelter,74
The Cure,74
Hush,73
Rose,73
Obsession,73
Exposure,73
The Waiting Room,73
Hide and Seek,72
Wake,72
Nostalgia,72
The Visit,72
Mirror,71
The Choice,71
Break,71
Split,71
Dreams,71
Shattered,71
Paranoia,71
Shadow,70
Inheritance,70
Thirst,70
Blink,70
The Test,70
Faith,70
Special Delivery,70
Sugar,70
Dream,69
The Key,69
Last Night,69
Happy Hour,69
Stay,69
Rain,69
Genesis,69
Wake Up,69
Smoke,68
Switch,68
The Proposal,68
Behind Closed Doors,68
Iris,68
Adam,67
Torn,67
Forget Me Not,67
In the Dark,66
The Runner,66
Falling,66
Aftermath,66
Metamorphosis,66
Revenge,66
Perception,65
Nightmare,65
Mercy,65
Guilt,65
Emma,65
Dust,65
Sacrifice,64
Solitude,64
The Reunion,64
Jack,64
The Interrogation,64
Deception,64
Disconnected,64
Insomnia,63
Maria,63
Letting Go,63
Moving On,63
The Job,63
Awakening,63
Transit,63
Blind,63
Father,62
Vengeance,62
Rewind,62
